product_id,roll_number,housing_type,housing_height,housing_radius,housing_depth
LOAD_HOUSING_1756468379952_7_P3T73D,LOAD_ROLL_1756468379952_7,angular,29.93,17.01,15.67
LOAD_HOUSING_1756468379952_11_WLO7E3,LOAD_ROLL_1756468379952_11,sqaure,37.81,29.96,18.07
LOAD_HOUSING_1756468379952_9_MZ5IB9,LOAD_ROLL_1756468379952_9,oval,17.79,17.42,17.69
LOAD_HOUSING_1756468379952_13_USCYF4,LOAD_ROLL_1756468379952_13,sqaure,56.4,26.73,5.76
LOAD_HOUSING_1756468379952_3_6SG9I4,LOAD_ROLL_1756468379952_3,sqaure,48.33,26.28,5.9
LOAD_HOUSING_1756468379952_1_5MKAR3,LOAD_ROLL_1756468379952_1,oval,34.82,22.64,19.35
LOAD_HOUSING_1756468379952_17_F6GO1M,LOAD_ROLL_1756468379952_17,angular,18.61,19.61,17.72
LOAD_HOUSING_1756468379952_29_DYK6Z1,LOAD_ROLL_1756468379952_29,angular,56.44,19.08,5.4
LOAD_HOUSING_1756468379952_39_3INSCX,LOAD_ROLL_1756468379952_39,angular,29.81,29.88,9.99
LOAD_HOUSING_1756468379952_35_1K5DLR,LOAD_ROLL_1756468379952_35,angular,36.63,20.96,14.4
LOAD_HOUSING_1756468379952_31_CGIK17,LOAD_ROLL_1756468379952_31,angular,15.07,13.72,11.43
LOAD_HOUSING_1756468379952_33_G6UZCW,LOAD_ROLL_1756468379952_33,sqaure,48.04,23.32,6.1
LOAD_HOUSING_1756468379952_43_HSTECC,LOAD_ROLL_1756468379952_43,oval,38.21,22.61,14.36
LOAD_HOUSING_1756468379952_5_R2RVGH,LOAD_ROLL_1756468379952_5,oval,43.16,14.45,5.87
LOAD_HOUSING_1756468379952_23_HYD3OG,LOAD_ROLL_1756468379952_23,oval,42.61,12.1,7.52

LOAD_HOUSING_1756468379952_21_ZWE4NQ,LOAD_ROLL_1756468379952_21,oval,54.33,22.19,13.88
LOAD_HOUSING_1756468379952_27_OA0RH5,LOAD_ROLL_1756468379952_27,angular,31.05,8.85,18.31
LOAD_HOUSING_1756468379952_47_0563OV,LOAD_ROLL_1756468379952_47,oval,59.19,19.73,16.15
LOAD_HOUSING_1756468379952_49_UK995Q,LOAD_ROLL_1756468379952_49,oval,28.75,12.42,7.87
LOAD_HOUSING_1756468379952_19_QJJOXN,LOAD_ROLL_1756468379952_19,sqaure,40.43,8.11,18.85
LOAD_HOUSING_1756468379952_25_7VSZKZ,LOAD_ROLL_1756468379952_25,oval,56.15,17.83,16.26
LOAD_HOUSING_1756468379952_15_F6AVYL,LOAD_ROLL_1756468379952_15,sqaure,38.27,12.82,6.79
LOAD_HOUSING_1756468379952_37_JI208X,LOAD_ROLL_1756468379952_37,oval,15.67,24.41,17.52
LOAD_HOUSING_1756468379952_41_Q3BQLW,LOAD_ROLL_1756468379952_41,oval,17.94,13.62,14.74
LOAD_HOUSING_1756468379952_57_LDLIT6,LOAD_ROLL_1756468379952_57,angular,55.89,14.42,11.68
LOAD_HOUSING_1756468379952_75_CCLAVD,LOAD_ROLL_1756468379952_75,oval,55.08,28.18,17.34
LOAD_HOUSING_1756468379952_71_JDR1HF,LOAD_ROLL_1756468379952_71,angular,56.05,27.29,15.0
LOAD_HOUSING_1756468379952_63_K8YY4O,LOAD_ROLL_1756468379952_63,oval,51.69,8.39,7.31
LOAD_HOUSING_1756468379952_65_RPYY0K,LOAD_ROLL_1756468379952_65,angular,54.44,8.99,14.61
LOAD_HOUSING_1756468379952_51_5ASN0L,LOAD_ROLL_1756468379952_51,oval,59.07,9.04,15.62
LOAD_HOUSING_1756468379953_77_KETUY0,LOAD_ROLL_1756468379953_77,angular,42.98,26.75,10.91
LOAD_HOUSING_1756468379952_53_QJHD3D,LOAD_ROLL_1756468379952_53,sqaure,53.18,22.51,12.82
LOAD_HOUSING_1756468379953_85_TSRL9E,LOAD_ROLL_1756468379953_85,angular,31.88,25.91,6.63
LOAD_HOUSING_1756468379952_73_1ON9A6,LOAD_ROLL_1756468379952_73,sqaure,28.93,22.57,10.98
LOAD_HOUSING_1756468379952_55_1WUN96,LOAD_ROLL_1756468379952_55,angular,28.42,15.71,16.47
LOAD_HOUSING_1756468379952_59_H68B1K,LOAD_ROLL_1756468379952_59,sqaure,37.5,20.37,18.73
LOAD_HOUSING_1756468379953_89_0RA5SS,LOAD_ROLL_1756468379953_89,sqaure,17.28,26.67,8.36
LOAD_HOUSING_1756468379953_83_NMO5OS,LOAD_ROLL_1756468379953_83,sqaure,55.65,8.97,15.7
LOAD_HOUSING_1756468379952_61_PE1RZ8,LOAD_ROLL_1756468379952_61,sqaure,36.12,13.26,18.04
LOAD_HOUSING_1756468379953_81_QLNYMJ,LOAD_ROLL_1756468379953_81,sqaure,25.18,23.91,9.26
LOAD_HOUSING_1756468379952_67_6OX5FH,LOAD_ROLL_1756468379952_67,sqaure,44.44,24.58,14.02
LOAD_HOUSING_1756468379952_69_9S2VNH,LOAD_ROLL_1756468379952_69,oval,18.4,17.77,16.77
LOAD_HOUSING_1756468379953_87_RR9CC9,LOAD_ROLL_1756468379953_87,oval,46.8,14.66,8.4
LOAD_HOUSING_1756468379953_79_WAHDCK,LOAD_ROLL_1756468379953_79,oval,56.57,14.39,7.38
LOAD_HOUSING_1756468379953_93_Y7AXJO,LOAD_ROLL_1756468379953_93,oval,17.03,9.12,9.19
LOAD_HOUSING_1756468379953_91_8VWZBM,LOAD_ROLL_1756468379953_91,sqaure,28.08,8.62,18.52
LOAD_HOUSING_1756468379953_95_12OPYX,LOAD_ROLL_1756468379953_95,angular,16.38,24.15,15.25
LOAD_HOUSING_1756468379953_99_I67QMB,LOAD_ROLL_1756468379953_99,angular,38.73,9.7,15.93
LOAD_HOUSING_1756468379953_97_DX9LKO,LOAD_ROLL_1756468379953_97,oval,29.45,21.61,10.24
LOAD_HOUSING_1756468379953_127_0YJWXF,LOAD_ROLL_1756468379953_127,oval,36.81,20.85,16.79
LOAD_HOUSING_1756468379953_139_RB1776,LOAD_ROLL_1756468379953_139,oval,20.71,27.02,16.52
LOAD_HOUSING_1756468379953_129_4I3ZOG,LOAD_ROLL_1756468379953_129,oval,16.75,14.52,8.2
LOAD_HOUSING_1756468379953_113_299AJB,LOAD_ROLL_1756468379953_113,angular,15.22,26.9,18.14
LOAD_HOUSING_1756468379953_117_21OUUI,LOAD_ROLL_1756468379953_117,angular,55.81,29.17,19.6
LOAD_HOUSING_1756468379953_137_QP2OT3,LOAD_ROLL_1756468379953_137,sqaure,32.8,21.72,6.22
LOAD_HOUSING_1756468379953_125_QGRP0G,LOAD_ROLL_1756468379953_125,oval,38.61,8.87,19.84
LOAD_HOUSING_1756468379953_121_URCDG4,LOAD_ROLL_1756468379953_121,sqaure,42.45,26.96,5.17
LOAD_HOUSING_1756468379953_135_IKCPTM,LOAD_ROLL_1756468379953_135,angular,45.23,11.83,16.3
LOAD_HOUSING_1756468379953_109_FUNRCQ,LOAD_ROLL_1756468379953_109,sqaure,16.89,10.4,9.14
LOAD_HOUSING_1756468379953_115_1M4FT7,LOAD_ROLL_1756468379953_115,oval,45.64,23.37,6.29
LOAD_HOUSING_1756468379953_111_R2EBCN,LOAD_ROLL_1756468379953_111,oval,26.71,14.24,16.8
LOAD_HOUSING_1756468379953_131_V2PPKZ,LOAD_ROLL_1756468379953_131,sqaure,44.05,14.36,18.5
LOAD_HOUSING_1756468379953_119_0PB360,LOAD_ROLL_1756468379953_119,sqaure,36.14,20.0,10.33
LOAD_HOUSING_1756468379953_107_T6MEWG,LOAD_ROLL_1756468379953_107,sqaure,42.63,12.62,10.18
LOAD_HOUSING_1756468379953_105_RU4DOU,LOAD_ROLL_1756468379953_105,oval,16.07,26.01,11.14
LOAD_HOUSING_1756468379953_103_V3YJWG,LOAD_ROLL_1756468379953_103,angular,37.12,28.8,18.69
LOAD_HOUSING_1756468379953_123_BV63FT,LOAD_ROLL_1756468379953_123,oval,34.28,28.21,8.26
LOAD_HOUSING_1756468379953_133_H8LSV9,LOAD_ROLL_1756468379953_133,sqaure,21.58,14.65,14.67
LOAD_HOUSING_1756468379953_141_1N9IZH,LOAD_ROLL_1756468379953_141,oval,24.01,8.41,11.46
LOAD_HOUSING_1756468379953_143_UIYQ69,LOAD_ROLL_1756468379953_143,sqaure,57.95,11.4,7.11
LOAD_HOUSING_1756468379953_149_FEEUJ3,LOAD_ROLL_1756468379953_149,oval,56.88,29.81,7.29
LOAD_HOUSING_1756468379953_147_8IK80M,LOAD_ROLL_1756468379953_147,oval,35.43,21.74,14.97
LOAD_HOUSING_1756468379953_145_INSTNS,LOAD_ROLL_1756468379953_145,angular,52.96,28.06,6.98
LOAD_HOUSING_1756468379953_177_Y9C0BL,LOAD_ROLL_1756468379953_177,oval,49.23,24.33,12.72
LOAD_HOUSING_1756468379953_173_2N0U4K,LOAD_ROLL_1756468379953_173,oval,56.51,10.95,16.48
LOAD_HOUSING_1756468379953_167_IEN6BO,LOAD_ROLL_1756468379953_167,oval,27.65,12.59,9.38
LOAD_HOUSING_1756468379953_169_MNJ9JG,LOAD_ROLL_1756468379953_169,angular,57.81,10.61,13.62
LOAD_HOUSING_1756468379953_157_6O7Y9M,LOAD_ROLL_1756468379953_157,oval,55.24,29.19,6.12
LOAD_HOUSING_1756468379953_155_2FVRXL,LOAD_ROLL_1756468379953_155,angular,47.51,22.72,19.22
LOAD_HOUSING_1756468379953_161_Z22PPY,LOAD_ROLL_1756468379953_161,sqaure,31.15,19.0,16.29
LOAD_HOUSING_1756468379953_165_H3IA2F,LOAD_ROLL_1756468379953_165,angular,42.19,24.11,12.45
LOAD_HOUSING_1756468379953_179_U4LU2V,LOAD_ROLL_1756468379953_179,angular,42.79,9.8,6.66
LOAD_HOUSING_1756468379953_187_UHHLIE,LOAD_ROLL_1756468379953_187,sqaure,25.99,23.27,18.33
LOAD_HOUSING_1756468379953_153_ITTF9F,LOAD_ROLL_1756468379953_153,oval,42.99,8.59,10.08
LOAD_HOUSING_1756468379953_175_R19KRY,LOAD_ROLL_1756468379953_175,sqaure,23.58,21.89,12.37
LOAD_HOUSING_1756468379953_151_G1VN12,LOAD_ROLL_1756468379953_151,sqaure,30.53,19.6,10.88
LOAD_HOUSING_1756468379953_181_QLG3E6,LOAD_ROLL_1756468379953_181,sqaure,39.54,19.68,19.07
LOAD_HOUSING_1756468379953_189_NFACEG,LOAD_ROLL_1756468379953_189,sqaure,52.31,23.63,13.69
LOAD_HOUSING_1756468379953_171_CBFGOU,LOAD_ROLL_1756468379953_171,oval,23.59,18.59,9.55
LOAD_HOUSING_1756468379953_159_ZF6XUF,LOAD_ROLL_1756468379953_159,sqaure,19.05,28.61,11.7
LOAD_HOUSING_1756468379953_183_RQENK2,LOAD_ROLL_1756468379953_183,angular,26.35,11.83,5.6
LOAD_HOUSING_1756468379953_163_GE1HYG,LOAD_ROLL_1756468379953_163,angular,47.47,8.8,12.63
LOAD_HOUSING_1756468379953_185_MFCBEZ,LOAD_ROLL_1756468379953_185,sqaure,51.13,21.08,15.52
LOAD_HOUSING_1756468379953_191_3R36TB,LOAD_ROLL_1756468379953_191,angular,41.14,9.53,13.83
LOAD_HOUSING_1756468379953_193_3FJ968,LOAD_ROLL_1756468379953_193,angular,37.45,16.53,15.52
LOAD_HOUSING_1756468379953_195_YDSK5Q,LOAD_ROLL_1756468379953_195,angular,56.29,8.77,5.25
LOAD_HOUSING_1756468379953_197_WE1HNE,LOAD_ROLL_1756468379953_197,sqaure,48.6,19.51,12.17
LOAD_HOUSING_1756468379953_199_J915JE,LOAD_ROLL_1756468379953_199,sqaure,57.27,11.99,7.23
LOAD_HOUSING_1756468379953_209_UZQZJT,LOAD_ROLL_1756468379953_209,sqaure,23.92,13.33,13.16
LOAD_HOUSING_1756468379953_235_I16PL5,LOAD_ROLL_1756468379953_235,angular,19.67,16.96,12.35
LOAD_HOUSING_1756468379953_237_XYXH1D,LOAD_ROLL_1756468379953_237,angular,20.43,8.75,18.59
LOAD_HOUSING_1756468379953_213_SRMMKQ,LOAD_ROLL_1756468379953_213,angular,31.95,17.55,7.74
LOAD_HOUSING_1756468379953_223_XOZXRQ,LOAD_ROLL_1756468379953_223,angular,31.79,11.05,15.87
LOAD_HOUSING_1756468379953_227_6Y8UYA,LOAD_ROLL_1756468379953_227,angular,37.55,25.11,8.51
LOAD_HOUSING_1756468379953_211_SNCZCM,LOAD_ROLL_1756468379953_211,angular,41.9,19.9,8.72
LOAD_HOUSING_1756468379953_203_83OV5O,LOAD_ROLL_1756468379953_203,oval,21.13,27.84,8.17
LOAD_HOUSING_1756468379953_201_3X4GAG,LOAD_ROLL_1756468379953_201,angular,37.28,13.48,8.66
LOAD_HOUSING_1756468379953_229_84HCQX,LOAD_ROLL_1756468379953_229,sqaure,40.49,16.92,10.47
LOAD_HOUSING_1756468379953_231_HZ8DEY,LOAD_ROLL_1756468379953_231,angular,51.7,22.01,13.78
LOAD_HOUSING_1756468379953_217_37EP4W,LOAD_ROLL_1756468379953_217,sqaure,43.81,12.73,5.92
LOAD_HOUSING_1756468379953_225_UU2RK6,LOAD_ROLL_1756468379953_225,sqaure,48.09,19.03,15.25
LOAD_HOUSING_1756468379953_205_W3IGPZ,LOAD_ROLL_1756468379953_205,angular,30.35,15.11,17.26
LOAD_HOUSING_1756468379953_221_6RC2VF,LOAD_ROLL_1756468379953_221,sqaure,53.0,10.4,9.08
LOAD_HOUSING_1756468379953_233_QW1AYW,LOAD_ROLL_1756468379953_233,angular,44.47,9.15,15.86
LOAD_HOUSING_1756468379953_215_YEFCE4,LOAD_ROLL_1756468379953_215,sqaure,26.96,28.18,15.93
LOAD_HOUSING_1756468379953_239_MHGAIT,LOAD_ROLL_1756468379953_239,angular,33.63,29.48,17.08
LOAD_HOUSING_1756468379953_207_VURKU2,LOAD_ROLL_1756468379953_207,angular,56.96,22.94,8.48
LOAD_HOUSING_1756468379953_219_TYKIRO,LOAD_ROLL_1756468379953_219,angular,42.66,22.93,12.1
LOAD_HOUSING_1756468379953_243_2Y3ZD0,LOAD_ROLL_1756468379953_243,sqaure,33.12,13.37,18.25
LOAD_HOUSING_1756468379953_247_BHQB1N,LOAD_ROLL_1756468379953_247,angular,29.34,15.71,16.84
LOAD_HOUSING_1756468379953_245_M23X1G,LOAD_ROLL_1756468379953_245,oval,28.31,19.27,5.67
LOAD_HOUSING_1756468379953_241_VIEC44,LOAD_ROLL_1756468379953_241,angular,39.58,17.65,9.23
LOAD_HOUSING_1756468379953_249_FUGQN8,LOAD_ROLL_1756468379953_249,angular,52.29,8.84,8.86
LOAD_HOUSING_1756468379953_285_7IORA5,LOAD_ROLL_1756468379953_285,sqaure,45.96,19.46,8.59
LOAD_HOUSING_1756468379953_283_SZMUF5,LOAD_ROLL_1756468379953_283,angular,39.24,16.39,13.77
LOAD_HOUSING_1756468379953_275_4OM9WM,LOAD_ROLL_1756468379953_275,angular,54.46,23.69,8.63
LOAD_HOUSING_1756468379953_261_5B73PG,LOAD_ROLL_1756468379953_261,oval,31.25,10.26,10.68
LOAD_HOUSING_1756468379953_281_Z53LN0,LOAD_ROLL_1756468379953_281,oval,59.15,12.55,13.38
LOAD_HOUSING_1756468379953_259_TLBSA4,LOAD_ROLL_1756468379953_259,oval,17.16,27.7,5.3
LOAD_HOUSING_1756468379953_253_V67IAI,LOAD_ROLL_1756468379953_253,angular,23.51,15.38,6.04
LOAD_HOUSING_1756468379953_263_62IHA9,LOAD_ROLL_1756468379953_263,oval,57.41,26.71,11.69
LOAD_HOUSING_1756468379953_271_2L5G1E,LOAD_ROLL_1756468379953_271,sqaure,51.35,21.06,7.26
LOAD_HOUSING_1756468379953_265_UKMKV7,LOAD_ROLL_1756468379953_265,oval,19.28,19.8,10.29
LOAD_HOUSING_1756468379953_267_7PB3KH,LOAD_ROLL_1756468379953_267,angular,45.26,29.7,13.0
LOAD_HOUSING_1756468379953_269_R8H1YP,LOAD_ROLL_1756468379953_269,oval,32.17,28.03,7.78
LOAD_HOUSING_1756468379953_291_XXFR61,LOAD_ROLL_1756468379953_291,angular,17.04,29.02,6.89
LOAD_HOUSING_1756468379953_257_CF4B8Q,LOAD_ROLL_1756468379953_257,sqaure,21.2,14.63,13.15
LOAD_HOUSING_1756468379953_287_N61W96,LOAD_ROLL_1756468379953_287,oval,58.14,28.46,18.67
LOAD_HOUSING_1756468379953_255_CQ4ZK1,LOAD_ROLL_1756468379953_255,angular,38.11,29.64,11.98
LOAD_HOUSING_1756468379953_277_4M7RGV,LOAD_ROLL_1756468379953_277,angular,43.02,20.66,19.95
LOAD_HOUSING_1756468379953_251_PG2M2M,LOAD_ROLL_1756468379953_251,oval,49.51,23.22,5.79
LOAD_HOUSING_1756468379953_273_4U2AFX,LOAD_ROLL_1756468379953_273,angular,51.12,17.01,6.51
LOAD_HOUSING_1756468379953_289_R4ZV0G,LOAD_ROLL_1756468379953_289,angular,34.5,24.48,13.02
LOAD_HOUSING_1756468379953_279_4TJ9WX,LOAD_ROLL_1756468379953_279,angular,35.03,16.44,13.78
LOAD_HOUSING_1756468379954_295_EUPEAT,LOAD_ROLL_1756468379954_295,angular,43.73,15.61,7.51
LOAD_HOUSING_1756468379954_299_2T9B21,LOAD_ROLL_1756468379954_299,sqaure,42.34,14.48,10.26
LOAD_HOUSING_1756468379953_293_7VG7D5,LOAD_ROLL_1756468379953_293,angular,20.13,23.84,16.79
LOAD_HOUSING_1756468379954_297_MJP54Z,LOAD_ROLL_1756468379954_297,angular,51.69,9.71,16.31
LOAD_HOUSING_1756468379954_317_ZR2JMY,LOAD_ROLL_1756468379954_317,oval,43.18,8.95,16.77
LOAD_HOUSING_1756468379954_333_QYQ4O9,LOAD_ROLL_1756468379954_333,sqaure,23.41,18.27,9.51
LOAD_HOUSING_1756468379954_319_LIXDKS,LOAD_ROLL_1756468379954_319,angular,55.22,25.46,5.38
LOAD_HOUSING_1756468379954_325_XRSQ7Z,LOAD_ROLL_1756468379954_325,sqaure,49.56,12.03,11.12
LOAD_HOUSING_1756468379954_331_ZJDDLR,LOAD_ROLL_1756468379954_331,oval,54.05,12.86,11.86
LOAD_HOUSING_1756468379954_337_YJHJED,LOAD_ROLL_1756468379954_337,sqaure,50.92,14.25,7.42
LOAD_HOUSING_1756468379954_323_XIFYWD,LOAD_ROLL_1756468379954_323,sqaure,30.6,16.82,9.19
LOAD_HOUSING_1756468379954_321_N0IMQY,LOAD_ROLL_1756468379954_321,angular,42.02,8.5,19.53
LOAD_HOUSING_1756468379954_307_98CPW1,LOAD_ROLL_1756468379954_307,oval,22.17,23.68,14.48
LOAD_HOUSING_1756468379954_327_SC1QHZ,LOAD_ROLL_1756468379954_327,sqaure,15.23,28.78,15.86
LOAD_HOUSING_1756468379954_329_TWTL0J,LOAD_ROLL_1756468379954_329,sqaure,50.6,15.64,6.76
LOAD_HOUSING_1756468379954_301_LM3P0A,LOAD_ROLL_1756468379954_301,angular,43.71,26.82,14.59
LOAD_HOUSING_1756468379954_339_MUDYKK,LOAD_ROLL_1756468379954_339,angular,25.04,29.32,10.42
LOAD_HOUSING_1756468379954_309_CFH5WX,LOAD_ROLL_1756468379954_309,oval,34.34,24.83,17.01
LOAD_HOUSING_1756468379954_311_YNHE48,LOAD_ROLL_1756468379954_311,sqaure,37.78,9.14,6.41
LOAD_HOUSING_1756468379954_305_RCXYLR,LOAD_ROLL_1756468379954_305,angular,52.44,20.24,14.59
LOAD_HOUSING_1756468379954_313_IUZ0JS,LOAD_ROLL_1756468379954_313,sqaure,33.22,20.49,15.46
LOAD_HOUSING_1756468379954_303_GKJ5PV,LOAD_ROLL_1756468379954_303,sqaure,57.43,9.59,8.81
LOAD_HOUSING_1756468379954_315_13M7AE,LOAD_ROLL_1756468379954_315,angular,25.75,11.86,19.23
LOAD_HOUSING_1756468379954_335_LY4LW6,LOAD_ROLL_1756468379954_335,oval,58.07,27.62,9.51
LOAD_HOUSING_1756468379954_343_XMPQWS,LOAD_ROLL_1756468379954_343,oval,52.36,11.57,17.0
LOAD_HOUSING_1756468379954_341_5ZRHAX,LOAD_ROLL_1756468379954_341,angular,37.92,16.36,8.88
LOAD_HOUSING_1756468379954_345_CMT6BJ,LOAD_ROLL_1756468379954_345,oval,54.91,20.85,17.37
LOAD_HOUSING_1756468379954_347_GELVNZ,LOAD_ROLL_1756468379954_347,oval,40.94,29.32,6.39
LOAD_HOUSING_1756468379954_349_MPN85N,LOAD_ROLL_1756468379954_349,angular,38.14,17.44,6.65
LOAD_HOUSING_1756468379954_365_NO80PS,LOAD_ROLL_1756468379954_365,sqaure,23.42,9.83,7.19
LOAD_HOUSING_1756468379954_351_TMG0TI,LOAD_ROLL_1756468379954_351,oval,20.79,23.39,11.58
LOAD_HOUSING_1756468379954_377_U74G4V,LOAD_ROLL_1756468379954_377,sqaure,56.0,10.17,7.19
LOAD_HOUSING_1756468379954_379_JH6P9U,LOAD_ROLL_1756468379954_379,oval,45.68,24.9,16.1
LOAD_HOUSING_1756468379954_361_FIWTQ1,LOAD_ROLL_1756468379954_361,angular,53.38,18.59,5.8
LOAD_HOUSING_1756468379954_371_RAAAND,LOAD_ROLL_1756468379954_371,angular,48.08,23.04,13.43
LOAD_HOUSING_1756468379954_373_013K52,LOAD_ROLL_1756468379954_373,sqaure,51.03,19.75,16.99
LOAD_HOUSING_1756468379954_375_7EMLY0,LOAD_ROLL_1756468379954_375,oval,17.85,27.15,7.52
LOAD_HOUSING_1756468379954_367_QO7HGU,LOAD_ROLL_1756468379954_367,angular,40.1,10.34,19.57
LOAD_HOUSING_1756468379954_383_WUV7VW,LOAD_ROLL_1756468379954_383,oval,23.33,21.56,6.71
LOAD_HOUSING_1756468379954_389_G992FB,LOAD_ROLL_1756468379954_389,sqaure,22.94,27.46,5.84
LOAD_HOUSING_1756468379954_387_6C6MZJ,LOAD_ROLL_1756468379954_387,sqaure,58.03,12.75,10.14
LOAD_HOUSING_1756468379954_369_8JW4SP,LOAD_ROLL_1756468379954_369,angular,16.9,22.01,6.38
LOAD_HOUSING_1756468379954_385_1RNT8F,LOAD_ROLL_1756468379954_385,sqaure,43.99,17.44,18.54
LOAD_HOUSING_1756468379954_353_970LX9,LOAD_ROLL_1756468379954_353,sqaure,34.53,27.13,12.32
LOAD_HOUSING_1756468379954_359_D4CBVR,LOAD_ROLL_1756468379954_359,angular,48.2,26.62,10.28
LOAD_HOUSING_1756468379954_381_CUMS8X,LOAD_ROLL_1756468379954_381,angular,54.52,29.49,13.85
LOAD_HOUSING_1756468379954_357_Y1TVSP,LOAD_ROLL_1756468379954_357,angular,37.18,11.94,7.69
LOAD_HOUSING_1756468379954_363_OO2OZC,LOAD_ROLL_1756468379954_363,sqaure,52.66,24.18,17.21
LOAD_HOUSING_1756468379954_355_CQ5AA3,LOAD_ROLL_1756468379954_355,sqaure,24.89,11.17,19.28
LOAD_HOUSING_1756468379954_391_BMKBGY,LOAD_ROLL_1756468379954_391,sqaure,27.54,20.27,7.04
LOAD_HOUSING_1756468379954_393_DXREEZ,LOAD_ROLL_1756468379954_393,oval,31.38,11.81,10.41
LOAD_HOUSING_1756468379954_395_58LGYT,LOAD_ROLL_1756468379954_395,sqaure,56.37,22.86,5.88
LOAD_HOUSING_1756468379954_399_G4JF0H,LOAD_ROLL_1756468379954_399,oval,56.2,28.65,19.95
LOAD_HOUSING_1756468379954_397_TCHUJ8,LOAD_ROLL_1756468379954_397,angular,35.3,22.07,10.54
LOAD_HOUSING_1756468379954_409_VLZTBR,LOAD_ROLL_1756468379954_409,angular,51.88,8.42,18.68
LOAD_HOUSING_1756468379954_439_WORZGN,LOAD_ROLL_1756468379954_439,sqaure,38.12,18.89,11.54
LOAD_HOUSING_1756468379954_433_DA5WBO,LOAD_ROLL_1756468379954_433,oval,31.98,12.33,12.15
LOAD_HOUSING_1756468379954_405_NLISXG,LOAD_ROLL_1756468379954_405,sqaure,56.59,13.59,16.3
LOAD_HOUSING_1756468379954_411_1PZ9X3,LOAD_ROLL_1756468379954_411,sqaure,22.72,17.03,15.9
LOAD_HOUSING_1756468379954_413_8NR5GB,LOAD_ROLL_1756468379954_413,angular,43.28,29.83,12.02
LOAD_HOUSING_1756468379954_415_4KZ4X6,LOAD_ROLL_1756468379954_415,sqaure,35.79,17.44,5.22
LOAD_HOUSING_1756468379954_429_ZKZC40,LOAD_ROLL_1756468379954_429,oval,37.58,27.08,5.19
LOAD_HOUSING_1756468379954_403_AKZSP7,LOAD_ROLL_1756468379954_403,angular,41.21,14.0,5.75
LOAD_HOUSING_1756468379954_427_XDEN30,LOAD_ROLL_1756468379954_427,oval,37.71,27.21,16.99
LOAD_HOUSING_1756468379954_435_JCL77Q,LOAD_ROLL_1756468379954_435,angular,59.82,13.26,19.91
LOAD_HOUSING_1756468379954_425_P4BISP,LOAD_ROLL_1756468379954_425,angular,20.62,21.58,12.39
LOAD_HOUSING_1756468379954_401_57HNOH,LOAD_ROLL_1756468379954_401,oval,29.56,8.57,11.82
LOAD_HOUSING_1756468379954_421_HOE5N1,LOAD_ROLL_1756468379954_421,oval,19.91,14.09,14.17
LOAD_HOUSING_1756468379954_431_X8I3ZI,LOAD_ROLL_1756468379954_431,sqaure,17.56,10.01,14.69
LOAD_HOUSING_1756468379954_423_1IN667,LOAD_ROLL_1756468379954_423,angular,19.15,27.39,13.08
LOAD_HOUSING_1756468379954_417_RF7P4G,LOAD_ROLL_1756468379954_417,sqaure,36.61,23.75,19.97
LOAD_HOUSING_1756468379954_419_ZYXNH7,LOAD_ROLL_1756468379954_419,sqaure,46.01,17.07,8.33
LOAD_HOUSING_1756468379954_407_3W4ALT,LOAD_ROLL_1756468379954_407,angular,27.39,27.74,15.64
LOAD_HOUSING_1756468379954_437_G7CJD1,LOAD_ROLL_1756468379954_437,sqaure,51.19,23.46,12.14
LOAD_HOUSING_1756468379954_441_EDVGZG,LOAD_ROLL_1756468379954_441,angular,36.59,23.13,6.62
LOAD_HOUSING_1756468379954_445_1BUZD4,LOAD_ROLL_1756468379954_445,sqaure,17.09,12.9,5.74
LOAD_HOUSING_1756468379954_443_558YJY,LOAD_ROLL_1756468379954_443,angular,28.83,18.0,5.48
LOAD_HOUSING_1756468379954_449_IMPYZL,LOAD_ROLL_1756468379954_449,angular,19.18,26.08,10.45
LOAD_HOUSING_1756468379954_447_QDJPDA,LOAD_ROLL_1756468379954_447,oval,34.58,17.43,6.85
LOAD_HOUSING_1756468379954_471_I00EGG,LOAD_ROLL_1756468379954_471,sqaure,57.39,9.09,9.36
LOAD_HOUSING_1756468379954_473_LPK9CL,LOAD_ROLL_1756468379954_473,oval,34.09,27.55,19.78
LOAD_HOUSING_1756468379954_465_WMMM2H,LOAD_ROLL_1756468379954_465,sqaure,27.33,24.7,12.0
LOAD_HOUSING_1756468379954_463_LPCQHJ,LOAD_ROLL_1756468379954_463,oval,37.18,29.32,16.28
LOAD_HOUSING_1756468379954_459_EOIZSZ,LOAD_ROLL_1756468379954_459,sqaure,17.66,29.94,14.23
LOAD_HOUSING_1756468379954_485_SCB8DW,LOAD_ROLL_1756468379954_485,oval,38.81,16.38,12.49
LOAD_HOUSING_1756468379954_481_7E0HK1,LOAD_ROLL_1756468379954_481,oval,52.19,10.33,18.57
LOAD_HOUSING_1756468379954_467_W7WMO7,LOAD_ROLL_1756468379954_467,sqaure,22.85,28.21,12.5
LOAD_HOUSING_1756468379954_461_3ZPQ64,LOAD_ROLL_1756468379954_461,oval,35.2,19.59,18.24
LOAD_HOUSING_1756468379954_477_AQ6ZZ1,LOAD_ROLL_1756468379954_477,oval,16.14,18.71,5.34
LOAD_HOUSING_1756468379954_487_0JRKG2,LOAD_ROLL_1756468379954_487,oval,33.19,9.27,12.46
LOAD_HOUSING_1756468379954_469_6ZBOXH,LOAD_ROLL_1756468379954_469,oval,38.59,15.62,9.73
LOAD_HOUSING_1756468379954_457_6IY3PD,LOAD_ROLL_1756468379954_457,sqaure,36.62,24.3,14.37
LOAD_HOUSING_1756468379954_489_2T6OO3,LOAD_ROLL_1756468379954_489,angular,40.34,19.05,7.27
LOAD_HOUSING_1756468379954_455_DUX79P,LOAD_ROLL_1756468379954_455,angular,47.26,14.76,19.36
LOAD_HOUSING_1756468379954_491_W1N8TF,LOAD_ROLL_1756468379954_491,angular,38.74,13.45,14.97
LOAD_HOUSING_1756468379954_451_UUCBF9,LOAD_ROLL_1756468379954_451,oval,27.68,28.56,19.03
LOAD_HOUSING_1756468379954_483_S3KI4S,LOAD_ROLL_1756468379954_483,angular,37.21,15.71,14.27
LOAD_HOUSING_1756468379954_453_TA2N1E,LOAD_ROLL_1756468379954_453,angular,35.96,13.94,8.15
LOAD_HOUSING_1756468379954_479_5W7874,LOAD_ROLL_1756468379954_479,oval,57.29,29.63,13.64
LOAD_HOUSING_1756468379954_475_01VZRW,LOAD_ROLL_1756468379954_475,angular,28.87,14.85,11.66
LOAD_HOUSING_1756468379954_493_U87IQ5,LOAD_ROLL_1756468379954_493,sqaure,52.58,10.74,7.69
LOAD_HOUSING_1756468379954_499_L59WO1,LOAD_ROLL_1756468379954_499,sqaure,44.4,23.72,16.12
LOAD_HOUSING_1756468379954_495_IHSO0I,LOAD_ROLL_1756468379954_495,angular,35.3,9.4,13.5
LOAD_HOUSING_1756468379954_497_TVRV62,LOAD_ROLL_1756468379954_497,oval,38.32,27.38,15.01
LOAD_HOUSING_1756468384369_3_WBKC5Z,LOAD_ROLL_1756468384369_3,oval,23.75,11.33,7.4
LOAD_HOUSING_1756468384369_20_8AU86L,LOAD_ROLL_1756468384369_20,oval,44.71,25.16,5.14
LOAD_HOUSING_1756468384369_8_KNAFHK,LOAD_ROLL_1756468384369_8,angular,26.54,19.83,11.51
LOAD_HOUSING_1756468384369_13_VSNX20,LOAD_ROLL_1756468384369_13,angular,19.64,25.54,19.62
LOAD_HOUSING_1756468384369_23_8PW0CA,LOAD_ROLL_1756468384369_23,sqaure,30.94,16.15,8.82
LOAD_HOUSING_1756468384369_15_2T3LWY,LOAD_ROLL_1756468384369_15,angular,16.83,10.16,16.11
LOAD_HOUSING_1756468384369_11_IFE6E6,LOAD_ROLL_1756468384369_11,sqaure,46.48,29.81,19.95
LOAD_HOUSING_1756468384369_22_SNMN3K,LOAD_ROLL_1756468384369_22,oval,29.94,11.18,18.2
LOAD_HOUSING_1756468384369_32_R2G0US,LOAD_ROLL_1756468384369_32,oval,42.0,17.34,17.76
LOAD_HOUSING_1756468384371_52_VJLKUN,LOAD_ROLL_1756468384371_52,oval,24.06,21.36,5.97
LOAD_HOUSING_1756468384369_41_RF67E9,LOAD_ROLL_1756468384369_41,oval,22.31,21.1,7.04
LOAD_HOUSING_1756468384371_59_1PXI1G,LOAD_ROLL_1756468384371_59,angular,42.0,22.08,10.46
LOAD_HOUSING_1756468384371_53_3ASZED,LOAD_ROLL_1756468384371_53,oval,25.92,21.69,9.42
LOAD_HOUSING_1756468384371_73_90JZM2,LOAD_ROLL_1756468384371_73,angular,20.52,26.51,13.68
LOAD_HOUSING_1756468384369_37_WPZ0XL,LOAD_ROLL_1756468384369_37,oval,42.57,9.17,19.46
LOAD_HOUSING_1756468384371_72_HGWVX8,LOAD_ROLL_1756468384371_72,angular,44.08,24.56,19.94
LOAD_HOUSING_1756468384371_78_YH7365,LOAD_ROLL_1756468384371_78,oval,59.16,24.29,13.75
LOAD_HOUSING_1756468384369_28_4QAIU9,LOAD_ROLL_1756468384369_28,oval,44.98,9.84,13.93
LOAD_HOUSING_1756468384371_91_0ZD57X,LOAD_ROLL_1756468384371_91,sqaure,29.2,22.65,7.19
LOAD_HOUSING_1756468384369_42_UZYF2R,LOAD_ROLL_1756468384369_42,sqaure,25.86,8.59,14.4
LOAD_HOUSING_1756468384369_43_BQGR9T,LOAD_ROLL_1756468384369_43,angular,17.2,21.99,10.92
LOAD_HOUSING_1756468384371_51_UVQRPA,LOAD_ROLL_1756468384371_51,oval,38.46,25.1,20.0
LOAD_HOUSING_1756468384371_48_5BZ6RJ,LOAD_ROLL_1756468384371_48,sqaure,44.54,8.91,16.86
LOAD_HOUSING_1756468384369_46_UVBUW7,LOAD_ROLL_1756468384369_46,oval,27.81,26.93,16.48
LOAD_HOUSING_1756468384369_33_MWD8YD,LOAD_ROLL_1756468384369_33,angular,35.75,29.78,14.51
LOAD_HOUSING_1756468384371_55_NPHVAW,LOAD_ROLL_1756468384371_55,angular,51.83,17.43,5.68
LOAD_HOUSING_1756468384371_58_06MKB1,LOAD_ROLL_1756468384371_58,sqaure,24.47,9.09,18.4
LOAD_HOUSING_1756468384371_61_DDRO8A,LOAD_ROLL_1756468384371_61,oval,53.02,11.12,7.34
LOAD_HOUSING_1756468384371_60_3AA3H8,LOAD_ROLL_1756468384371_60,angular,30.94,23.6,9.17
LOAD_HOUSING_1756468384371_101_G9855U,LOAD_ROLL_1756468384371_101,oval,17.89,11.92,15.04
LOAD_HOUSING_1756468384371_68_92AL7X,LOAD_ROLL_1756468384371_68,sqaure,30.44,19.95,16.89
LOAD_HOUSING_1756468384371_70_U3ZZ4U,LOAD_ROLL_1756468384371_70,oval,37.64,11.15,10.53
LOAD_HOUSING_1756468384371_67_H7S8K4,LOAD_ROLL_1756468384371_67,oval,33.09,21.55,8.66
LOAD_HOUSING_1756468384371_69_VIN1RM,LOAD_ROLL_1756468384371_69,sqaure,29.53,14.8,16.68
LOAD_HOUSING_1756468384371_80_YO9XYK,LOAD_ROLL_1756468384371_80,oval,51.79,15.29,14.01
LOAD_HOUSING_1756468384371_77_LHD3VM,LOAD_ROLL_1756468384371_77,sqaure,48.97,12.7,5.5
LOAD_HOUSING_1756468384371_102_4X4RLL,LOAD_ROLL_1756468384371_102,oval,57.34,19.02,8.25
LOAD_HOUSING_1756468384371_64_X9HHQU,LOAD_ROLL_1756468384371_64,angular,56.71,15.8,5.7
LOAD_HOUSING_1756468384371_112_T87ADW,LOAD_ROLL_1756468384371_112,angular,58.14,28.9,14.51
LOAD_HOUSING_1756468384371_108_XNJDJ3,LOAD_ROLL_1756468384371_108,angular,52.44,13.97,10.4
LOAD_HOUSING_1756468384371_110_4RDG9O,LOAD_ROLL_1756468384371_110,angular,59.67,16.87,17.56
LOAD_HOUSING_1756468384371_115_NUYXNF,LOAD_ROLL_1756468384371_115,sqaure,41.07,12.74,14.53
LOAD_HOUSING_1756468384371_123_43RHBR,LOAD_ROLL_1756468384371_123,angular,59.12,11.86,13.29
LOAD_HOUSING_1756468384371_127_HSG5XN,LOAD_ROLL_1756468384371_127,angular,26.24,9.52,17.18
LOAD_HOUSING_1756468384371_129_JR8JU7,LOAD_ROLL_1756468384371_129,oval,47.88,9.53,19.22
LOAD_HOUSING_1756468384371_118_TDKX2S,LOAD_ROLL_1756468384371_118,angular,50.99,22.71,14.06
LOAD_HOUSING_1756468384371_121_1CNUTN,LOAD_ROLL_1756468384371_121,sqaure,36.06,13.45,7.79
LOAD_HOUSING_1756468384371_133_5B9LQR,LOAD_ROLL_1756468384371_133,sqaure,34.03,20.19,10.72
LOAD_HOUSING_1756468384371_151_HIKQ7Z,LOAD_ROLL_1756468384371_151,oval,17.31,21.1,15.65
LOAD_HOUSING_1756468384371_147_IW59PY,LOAD_ROLL_1756468384371_147,sqaure,53.67,22.27,8.8
LOAD_HOUSING_1756468384371_143_1UNW7S,LOAD_ROLL_1756468384371_143,sqaure,29.04,28.76,8.08
LOAD_HOUSING_1756468384371_153_5HSTD1,LOAD_ROLL_1756468384371_153,angular,38.78,23.55,5.08
LOAD_HOUSING_1756468384371_162_IIMHDA,LOAD_ROLL_1756468384371_162,angular,15.58,18.04,5.27
LOAD_HOUSING_1756468384371_160_V10N65,LOAD_ROLL_1756468384371_160,angular,52.37,17.69,5.89
LOAD_HOUSING_1756468384371_170_NWF7LH,LOAD_ROLL_1756468384371_170,oval,38.95,21.49,6.36
LOAD_HOUSING_1756468384371_184_QT1A1G,LOAD_ROLL_1756468384371_184,oval,58.74,24.85,8.05
LOAD_HOUSING_1756468384371_181_LE5MLU,LOAD_ROLL_1756468384371_181,angular,19.51,24.92,6.26
LOAD_HOUSING_1756468384371_178_MTD6Z7,LOAD_ROLL_1756468384371_178,angular,46.94,21.77,10.38
LOAD_HOUSING_1756468384371_193_BIJ1DJ,LOAD_ROLL_1756468384371_193,angular,29.05,27.95,15.19
LOAD_HOUSING_1756468384371_173_UWD08G,LOAD_ROLL_1756468384371_173,sqaure,44.18,19.47,7.03
LOAD_HOUSING_1756468384371_167_UD8TNP,LOAD_ROLL_1756468384371_167,sqaure,23.93,15.73,5.81
LOAD_HOUSING_1756468384371_195_ZSY3WP,LOAD_ROLL_1756468384371_195,sqaure,52.05,24.23,16.56
LOAD_HOUSING_1756468384371_179_EVZ421,LOAD_ROLL_1756468384371_179,sqaure,32.01,12.99,10.93
LOAD_HOUSING_1756468384371_171_AYBSIU,LOAD_ROLL_1756468384371_171,oval,57.48,25.72,11.49
LOAD_HOUSING_1756468384371_187_01NZ2L,LOAD_ROLL_1756468384371_187,oval,57.77,20.66,12.6
LOAD_HOUSING_1756468384371_190_2P7Y64,LOAD_ROLL_1756468384371_190,oval,52.98,8.59,9.04
LOAD_HOUSING_1756468384371_192_IVW4F0,LOAD_ROLL_1756468384371_192,oval,56.11,21.95,8.17
